﻿pos_x,pos_y,rotation,side,designator,mpn,pack,footprint,value,mount_type
125.0,-130.55,90.0,bottom,C1,,"SMD,D6.3xL7.7mm",CP_Elec_6.3x7.7,47µF,smt
156.25,-73.0,-90.0,top,C11,,0402,C_0402_1005Metric,100nF,smt
126.55,-140.5,180.0,top,C12,,0805,C_0805_2012Metric,100nF,smt
151.75,-96.25,90.0,bottom,C13,,0603,C_0603_1608Metric,100nF,smt
148.75,-96.25,90.0,bottom,C14,,0603,C_0603_1608Metric,100nF,smt
151.75,-91.75,90.0,bottom,C15,,0603,C_0603_1608Metric,100nF,smt
148.75,-91.75,-90.0,bottom,C16,,0603,C_0603_1608Metric,100nF,smt
163.5,-96.75,90.0,bottom,C17,,0603,C_0603_1608Metric,100nF,smt
174.0,-137.25,90.0,top,C18,,"Through Hole,D10xL16mm",CP_Radial_D10.0mm_P5.00mm,470µF,tht
123.3,-85.75,0.0,top,C19,,0603,C_0603_1608Metric,100nF,smt
146.75,-133.975,90.0,bottom,C2,,0603,C_0603_1608Metric,100nF,smt
126.05,-75.5,180.0,top,C20,,0805,C_0805_2012Metric,10µF,smt
126.27,-77.75,180.0,top,C21,,0603,C_0603_1608Metric,100nF,smt
124.0,-83.0,180.0,top,C22,,0603,C_0603_1608Metric,1µF,smt
174.25,-148.25,90.0,top,C23,,"Through Hole,D10xL16mm",CP_Radial_D10.0mm_P5.00mm,680µF,tht
123.3,-87.75,0.0,top,C24,,0805,C_0805_2012Metric,10µF,smt
156.5,-46.45,90.0,bottom,C25,,0805,C_0805_2012Metric,100nF,smt
148.75,-45.7,90.0,bottom,C26,,0805,C_0805_2012Metric,0.47µF,smt
162.25,-64.525,-90.0,top,C27,,0603,C_0603_1608Metric,1nF,smt
158.975,-66.05,0.0,top,C28,,0603,C_0603_1608Metric,1µF,smt
164.5,-63.28,-90.0,top,C29,,0603,C_0603_1608Metric,100nF,smt
137.75,-129.975,90.0,bottom,C3,,0603,C_0603_1608Metric,470pF,smt
166.75,-79.2,-90.0,top,C30,,0805,C_0805_2012Metric,100nF,smt
131.28,-147.75,90.0,top,C31,,0603,C_0603_1608Metric,22pF,smt
129.5,-147.75,90.0,top,C32,,0603,C_0603_1608Metric,22pF,smt
164.75,-129.0,90.0,top,C33,,"Through Hole,D10xL16mm",CP_Radial_D10.0mm_P5.00mm,680µF,tht
166.0,-63.05,-90.0,top,C34,,0402,C_0402_1005Metric,4.7µF,smt
127.0,-103.0,-90.0,bottom,C35,,"SMD,D8xL10.5mm",CP_Elec_8x10.5,220µF,smt
143.5,-129.975,90.0,bottom,C4,,0603,C_0603_1608Metric,220nF,smt
131.5,-128.5,-90.0,bottom,C5,,0603,C_0603_1608Metric,100nF,smt
164.260937,-142.25,180.0,bottom,C6,,CASE-B-3528-19(mm),CAP_TR3B_VIS-M,10µF,smt
148.75,-129.77,-90.0,bottom,C7,,0402,C_0402_1005Metric,2pF,smt
160.75,-79.2,-90.0,top,C8,,0805,C_0805_2012Metric,100nF,smt
162.02,-71.02,-90.0,top,C9,,0402,C_0402_1005Metric,4.7µF,smt
129.5,-122.5,90.0,bottom,CN1,,"Through Hole,Right Angle,P=2.5mm",JST_XH_S2B-XH-A_1x02_P2.50mm_Horizontal,Solar Panel,tht
171.0,-58.5,-90.0,bottom,CN2,,"Through Hole,Right Angle,P=2.5mm",JST_XH_S6B-XH-A_1x06_P2.50mm_Horizontal,Auxilary Conn,tht
171.0,-77.25,-90.0,bottom,CN3,,"SMD,P=2.5mm,Surface Mount,Right Angle",JST_XH_S10B-XH-A_1x10_P2.50mm_Horizontal,Aux Conn 2,tht
143.0,-83.0,0.0,top,CN4,,"SMD,P=0.5mm,Surface Mount,Right Angle",TE_2199119-4,APCI0136-P001A,smt
171.05,-105.75,-90.0,bottom,CN5,,"Through Hole,Right Angle,P=2.5mm",JST_XH_S7B-XH-A_1x07_P2.50mm_Horizontal,RS232 Conn,tht
136.75,-145.75,90.0,bottom,D1,,TO-252-2,DPAK_VIS,50WQ03FN,smt
153.5395,-140.75,-90.0,bottom,D2,,TO-252-2,DPAK_VIS,50WQ03FN,smt
135.75,-132.4625,90.0,bottom,D3,,0603,LED_0603_1608Metric,Green,smt
133.25,-132.25,90.0,bottom,D4,,0805,LED_0805_2012Metric,Red,smt
165.25,-146.0,0.0,top,D5,,DO-214AC(SMA),D_SMA,RB050L-60TE25,smt
153.0,-71.71,90.0,top,D6,,0805,LED_0805_2012Metric,Red,smt
133.5,-106.0,-90.0,bottom,D7,,DO-214AC(SMA),D_SMA,RB050L-60TE25,smt
143.0,-116.45,0.0,top,J1,,,Round nut stand off,Screw_Terminal_01x01,tht
163.5,-140.25,90.0,top,L1,,"SMD,6x6mm",L_6.3x6.3_H3,33µH,smt
138.75,-104.25,90.0,bottom,L2,,"SMD,6x6mm",L_6.3x6.3_H3,33µH,smt
157.25,-130.0,-90.0,bottom,L3,,"SMD,11.5x10mm",L_Sunlord_MWSA1004S,15µH,smt
161.55,-151.5,180.0,top,LED1,,SMD3014,LED_MP-3014-1100-50-70,Blue,smt
150.0,-71.5,-90.0,top,LED2,,SMD3014,LED_MP-3014-1100-50-70,Green,smt
125.0,-146.0,-90.0,bottom,Q1,,SOIC-8,SO8_SOP-8L_AOS,AO4459,smt
143.75,-52.25,90.0,bottom,Q2,,SOT-23,SOT-23,IRLML6244,smt
151.0875,-62.25,180.0,top,R1,,0805,R_0805_2012Metric,100Ω,smt
134.25,-136.25,-90.0,top,R10,,2512,R_2512_6332Metric,0.1Ω,smt
151.0875,-64.25,180.0,top,R11,,0805,R_0805_2012Metric,4.7kΩ,smt
147.5,-126.8375,-90.0,bottom,R13,,0805,R_0805_2012Metric,340kΩ,smt
122.75,-83.3375,90.0,bottom,R16,,0805,R_0805_2012Metric,33.2kΩ,smt
123.3375,-95.25,180.0,top,R17,,0805,R_0805_2012Metric,100Ω,smt
123.3375,-92.25,180.0,top,R18,,0805,R_0805_2012Metric,100Ω,smt
145.5,-138.5,90.0,bottom,R19,,1206,R_1206_3216Metric,66mΩ,smt
141.5,-130.0,90.0,bottom,R2,,0603,R_0603_1608Metric,10kΩ NTC,smt
136.3375,-50.75,0.0,bottom,R20,,0805,R_0805_2012Metric,4.7kΩ,smt
161.75,-104.675,-90.0,top,R21,,0603,R_0603_1608Metric,100Ω,smt
133.28,-147.55,90.0,top,R22,,0805,R_0805_2012Metric,5.1kΩ,smt
135.5,-147.55,90.0,top,R23,,0805,R_0805_2012Metric,5.1kΩ,smt
167.75,-148.425,-90.0,bottom,R24,,0603,R_0603_1608Metric,10kΩ,smt
163.4125,-154.75,0.0,top,R25,,0805,R_0805_2012Metric,100Ω,smt
122.75,-77.8375,90.0,bottom,R26,,0805,R_0805_2012Metric,4.99kΩ,smt
123.925,-80.5,0.0,top,R28,,0603,R_0603_1608Metric,10kΩ,smt
135.75,-128.5,-90.0,bottom,R29,,0805,R_0805_2012Metric,2.2kΩ,smt
142.925,-125.25,0.0,bottom,R3,,0603,R_0603_1608Metric,13.7kΩ,smt
155.425,-43.5,0.0,bottom,R30,,0603,R_0603_1608Metric,10kΩ NTC,smt
133.5,-128.5,-90.0,bottom,R31,,0805,R_0805_2012Metric,2.2kΩ,smt
163.75,-53.7875,-90.0,bottom,R32,,1206,R_1206_3216Metric,1.8MΩ,smt
164.0,-96.825,90.0,top,R33,,0603,R_0603_1608Metric,100Ω,smt
161.5,-96.825,90.0,top,R34,,0603,R_0603_1608Metric,100Ω,smt
164.0,-93.575,90.0,top,R35,,0603,R_0603_1608Metric,100Ω,smt
165.5,-105.3375,-90.0,top,R36,,0805,R_0805_2012Metric,4.7kΩ,smt
161.75,-101.175,-90.0,top,R37,,0603,R_0603_1608Metric,100Ω,smt
125.0,-138.1625,-90.0,bottom,R38,,0805,R_0805_2012Metric,20kΩ,smt
161.5,-93.575,90.0,top,R39,,0603,R_0603_1608Metric,100Ω,smt
143.5,-133.25,90.0,bottom,R4,,0603,R_0603_1608Metric,120Ω,smt
144.5,-96.25,-90.0,bottom,R40,,0603,R_0603_1608Metric,10kΩ,smt
161.25,-53.2,90.0,bottom,R41,,0805,R_0805_2012Metric,200kΩ,smt
153.0,-53.2875,180.0,bottom,R42,,2512,R_2512_6332Metric,10mΩ,smt
143.825,-55.5,0.0,bottom,R45,,0603,R_0603_1608Metric,10kΩ,smt
161.384301,-54.18675,0.0,top,R46,,0805,R_0805_2012Metric,100kΩ,smt
151.0875,-60.25,180.0,top,R5,,0805,R_0805_2012Metric,243Ω,smt
145.5,-130.0,90.0,bottom,R6,,0603,R_0603_1608Metric,68kΩ,smt
151.0875,-66.25,180.0,top,R7,,0805,R_0805_2012Metric,4.7kΩ,smt
138.5875,-125.25,0.0,bottom,R8,,0805,R_0805_2012Metric,255kΩ,smt
130.8375,-49.75,180.0,bottom,R9,,0805,R_0805_2012Metric,4.7kΩ,smt
150.95,-156.2,0.0,top,SW1,,Through Hole,SW_500ASSP1M6QE,500ASSP1M6QE,tht
164.975,-154.0,0.0,bottom,SW2,,"SMD,6.2x6.4mm",430182043816,Telemitry Switch,smt
138.25,-137.5,0.0,bottom,U1,,TSSOP-16,TSSOP-16_4.4x5mm_P0.65mm,CN3722,smt
155.125,-105.25,0.0,bottom,U10,,TO-263-5,TO-263-5_TabPin3,LM2596R-5.0,smt
152.945,-47.09,180.0,bottom,U11,,TDFN-14(3x3),TDFN-14-1EP_3x3mm_P0.4mm_EP1.78x2.35mm,MAX17261xxTD,smt
157.600001,-53.14535,0.0,top,U12,,SOT-343,KS_4_ADI,ADM8617SAYAKSZ-RL7,smt
163.8,-86.7,0.0,top,U13,,TSSOP-14,SOP65P640X120-14N,SN74LVC08APWR,smt
164.0,-78.85,90.0,top,U14,,SOT-563,SOT-563,TMP102AIDRLR,smt
159.265,-63.25,0.0,top,U15,,UDFN-8-EP(2x2),SON50P200X200X80-9N,TPS22965DSGR,smt
158.77,-70.52,0.0,top,U2,,LGA-16(3x3),LGA-16_3x3mm_P0.5mm,QMC5883P,smt
149.5,-137.5,180.0,top,U3,,TO-263-5,TO-263-5_TabPin3,LM2596R-3.3,smt
126.75,-136.25,0.0,top,U4,,SOIC-8,SOIC-8_3.9x4.9mm_P1.27mm,INA219AxD,smt
157.5,-79.0,-90.0,top,U5,,QFN-4-EP(2x2),AMS_QFN-4-1EP_2x2mm_P0.95mm_EP0.7x1.6mm,ENS210-LQFM,smt
161.25,-46.0,0.0,bottom,U6,,"Through Hole,Right Angle,P=2.5mm",JST_XH_B2B-XH-AM_1x02_P2.50mm_Vertical,Battery Socket,tht
133.27,-63.5,90.0,top,U7,,,XCVR_ESP32-S3-WROOM-1-N8R2,ESP32-S3-WROOM-1-N8R2,smt
136.25,-46.0,0.0,bottom,U8,,"Through Hole,P=2.5mm",JST_XH_B4B-XH-AM_1x04_P2.50mm_Vertical,Fan Connector,tht
157.525,-92.925,0.0,bottom,U9,,SOIC-16,SOIC-16_3.9x9.9mm_P1.27mm,MAX3232,smt
136.66,-154.2,90.0,bottom,USB2,,SMD,SAMESKY_UJ20-C-R-G-TH-1-P14-TR,GT-USB-7090C,tht
