﻿Designator,Quantity,Value,Footprint,Package,MPN,Mount_Type
C1,1,47µF,CP_Elec_6.3x7.7,"SMD,D6.3xL7.7mm",,smt
C11,1,100nF,C_0402_1005Metric,0402,,smt
"C12, C25, C30, C8",4,100nF,C_0805_2012Metric,0805,,smt
"C13, C14, C15, C16, C17, C19, C2, C21, C29, C5",10,100nF,C_0603_1608Metric,0603,,smt
C18,1,470µF,CP_Radial_D10.0mm_P5.00mm,"Through Hole,D10xL16mm",,tht
"C20, C24",2,10µF,C_0805_2012Metric,0805,,smt
"C22, C28",2,1µF,C_0603_1608Metric,0603,,smt
"C23, C33",2,680µF,CP_Radial_D10.0mm_P5.00mm,"Through Hole,D10xL16mm",,tht
C26,1,0.47µF,C_0805_2012Metric,0805,,smt
C27,1,1nF,C_0603_1608Metric,0603,,smt
C3,1,470pF,C_0603_1608Metric,0603,,smt
"C31, C32",2,22pF,C_0603_1608Metric,0603,,smt
"C34, C9",2,4.7µF,C_0402_1005Metric,0402,,smt
C35,1,220µF,CP_Elec_8x10.5,"SMD,D8xL10.5mm",,smt
C4,1,220nF,C_0603_1608Metric,0603,,smt
C6,1,10µF,CAP_TR3B_VIS-M,CASE-B-3528-19(mm),,smt
C7,1,2pF,C_0402_1005Metric,0402,,smt
CN1,1,Solar Panel,JST_XH_S2B-XH-A_1x02_P2.50mm_Horizontal,"Through Hole,Right Angle,P=2.5mm",,tht
CN2,1,Auxilary Conn,JST_XH_S6B-XH-A_1x06_P2.50mm_Horizontal,"Through Hole,Right Angle,P=2.5mm",,tht
CN3,1,Aux Conn 2,JST_XH_S10B-XH-A_1x10_P2.50mm_Horizontal,"SMD,P=2.5mm,Surface Mount,Right Angle",,tht
CN4,1,APCI0136-P001A,TE_2199119-4,"SMD,P=0.5mm,Surface Mount,Right Angle",,smt
CN5,1,RS232 Conn,JST_XH_S7B-XH-A_1x07_P2.50mm_Horizontal,"Through Hole,Right Angle,P=2.5mm",,tht
"D1, D2",2,50WQ03FN,DPAK_VIS,TO-252-2,,smt
D3,1,Green,LED_0603_1608Metric,0603,,smt
"D4, D6",2,Red,LED_0805_2012Metric,0805,,smt
"D5, D7",2,RB050L-60TE25,D_SMA,DO-214AC(SMA),,smt
J1,1,Screw_Terminal_01x01,Round nut stand off,,,tht
"JP3, JP4",2,SolderJumper,SolderJumper-2_P1.3mm_Open_Pad1.0x1.5mm,,,tht
"L1, L2",2,33µH,L_6.3x6.3_H3,"SMD,6x6mm",,smt
L3,1,15µH,L_Sunlord_MWSA1004S,"SMD,11.5x10mm",,smt
LED1,1,Blue,LED_MP-3014-1100-50-70,SMD3014,,smt
LED2,1,Green,LED_MP-3014-1100-50-70,SMD3014,,smt
Q1,1,AO4459,SO8_SOP-8L_AOS,SOIC-8,,smt
Q2,1,IRLML6244,SOT-23,SOT-23,,smt
"R1, R17, R18, R25",4,100Ω,R_0805_2012Metric,0805,,smt
R10,1,0.1Ω,R_2512_6332Metric,2512,,smt
"R11, R20, R36, R7, R9",5,4.7kΩ,R_0805_2012Metric,0805,,smt
R13,1,340kΩ,R_0805_2012Metric,0805,,smt
R16,1,33.2kΩ,R_0805_2012Metric,0805,,smt
R19,1,66mΩ,R_1206_3216Metric,1206,,smt
"R2, R30",2,10kΩ NTC,R_0603_1608Metric,0603,,smt
"R21, R33, R34, R35, R37, R39",6,100Ω,R_0603_1608Metric,0603,,smt
"R22, R23",2,5.1kΩ,R_0805_2012Metric,0805,,smt
"R24, R28, R40, R45",4,10kΩ,R_0603_1608Metric,0603,,smt
R26,1,4.99kΩ,R_0805_2012Metric,0805,,smt
"R29, R31",2,2.2kΩ,R_0805_2012Metric,0805,,smt
R3,1,13.7kΩ,R_0603_1608Metric,0603,,smt
R32,1,1.8MΩ,R_1206_3216Metric,1206,,smt
R38,1,20kΩ,R_0805_2012Metric,0805,,smt
R4,1,120Ω,R_0603_1608Metric,0603,,smt
R41,1,200kΩ,R_0805_2012Metric,0805,,smt
R42,1,10mΩ,R_2512_6332Metric,2512,,smt
R46,1,100kΩ,R_0805_2012Metric,0805,,smt
R5,1,243Ω,R_0805_2012Metric,0805,,smt
R6,1,68kΩ,R_0603_1608Metric,0603,,smt
R8,1,255kΩ,R_0805_2012Metric,0805,,smt
SW1,1,500ASSP1M6QE,SW_500ASSP1M6QE,Through Hole,,tht
SW2,1,Telemitry Switch,430182043816,"SMD,6.2x6.4mm",,smt
U1,1,CN3722,TSSOP-16_4.4x5mm_P0.65mm,TSSOP-16,,smt
U10,1,LM2596R-5.0,TO-263-5_TabPin3,TO-263-5,,smt
U11,1,MAX17261xxTD,TDFN-14-1EP_3x3mm_P0.4mm_EP1.78x2.35mm,TDFN-14(3x3),,smt
U12,1,ADM8617SAYAKSZ-RL7,KS_4_ADI,SOT-343,,smt
U13,1,SN74LVC08APWR,SOP65P640X120-14N,TSSOP-14,,smt
U14,1,TMP102AIDRLR,SOT-563,SOT-563,,smt
U15,1,TPS22965DSGR,SON50P200X200X80-9N,UDFN-8-EP(2x2),,smt
U2,1,QMC5883P,LGA-16_3x3mm_P0.5mm,LGA-16(3x3),,smt
U3,1,LM2596R-3.3,TO-263-5_TabPin3,TO-263-5,,smt
U4,1,INA219AxD,SOIC-8_3.9x4.9mm_P1.27mm,SOIC-8,,smt
U5,1,ENS210-LQFM,AMS_QFN-4-1EP_2x2mm_P0.95mm_EP0.7x1.6mm,QFN-4-EP(2x2),,smt
U6,1,Battery Socket,JST_XH_B2B-XH-AM_1x02_P2.50mm_Vertical,"Through Hole,Right Angle,P=2.5mm",,tht
U7,1,ESP32-S3-WROOM-1-N8R2,XCVR_ESP32-S3-WROOM-1-N8R2,,,smt
U8,1,Fan Connector,JST_XH_B4B-XH-AM_1x04_P2.50mm_Vertical,"Through Hole,P=2.5mm",,tht
U9,1,MAX3232,SOIC-16_3.9x9.9mm_P1.27mm,SOIC-16,,smt
USB2,1,GT-USB-7090C,SAMESKY_UJ20-C-R-G-TH-1-P14-TR,SMD,,tht
